{"cameraMode":{"drawMode":0,"name":"Shaded","section":"Shading Mode"},"sceneLighting":false,"audioPlay":false,"sceneViewState":{"m_AlwaysRefresh":false,"showFog":true,"showSkybox":true,"showFlares":true,"showImageEffects":true,"showParticleSystems":true,"showVisualEffectGraphs":true,"m_FxEnabled":true},"in2DMode":false,"pivot":{"x":1.8903177976608277,"y":1.873740553855896,"z":-0.38619130849838259},"rotation":{"x":-0.4284686744213104,"y":-0.007592671550810337,"z":0.0036002453416585924,"w":-0.9035279154777527},"size":3.2501907348632814,"orthographic":false}